datatime,packagename,pid,thread_num
2023-05-23 15-18-56,com.divo.phone,,1
2023-05-23 15-19-01,com.divo.phone,,1
2023-05-23 15-19-06,com.divo.phone,,1
2023-05-23 15-19-11,com.divo.phone,,1
2023-05-23 15-19-16,com.divo.phone,,1
2023-05-23 15-19-21,com.divo.phone,,1
2023-05-23 15-19-26,com.divo.phone,,1
2023-05-23 15-19-31,com.divo.phone,,1
2023-05-23 15-19-36,com.divo.phone,,1
2023-05-23 15-19-41,com.divo.phone,,1
2023-05-23 15-19-46,com.divo.phone,11554,26
2023-05-23 15-19-51,com.divo.phone,11554,27
2023-05-23 15-19-56,com.divo.phone,11554,27
2023-05-23 15-20-01,com.divo.phone,11554,27
2023-05-23 15-20-06,com.divo.phone,11554,27
2023-05-23 15-20-11,com.divo.phone,11554,28
2023-05-23 15-20-16,com.divo.phone,11554,28
2023-05-23 15-20-21,com.divo.phone,11554,28
2023-05-23 15-20-26,com.divo.phone,11554,28
2023-05-23 15-20-31,com.divo.phone,11554,28
2023-05-23 15-20-36,com.divo.phone,11554,28
2023-05-23 15-20-41,com.divo.phone,11554,28
2023-05-23 15-20-46,com.divo.phone,11554,28
2023-05-23 15-20-51,com.divo.phone,11554,29
2023-05-23 15-20-56,com.divo.phone,11554,26
2023-05-23 15-21-01,com.divo.phone,11554,26
2023-05-23 15-21-06,com.divo.phone,11554,26
2023-05-23 15-21-11,com.divo.phone,11554,26
2023-05-23 15-21-16,com.divo.phone,11554,26
2023-05-23 15-21-21,com.divo.phone,11554,26
2023-05-23 15-21-26,com.divo.phone,11554,26
2023-05-23 15-21-31,com.divo.phone,11554,26
2023-05-23 15-21-36,com.divo.phone,11554,26
2023-05-23 15-21-41,com.divo.phone,11554,26
2023-05-23 15-21-46,com.divo.phone,11554,26
2023-05-23 15-21-51,com.divo.phone,11554,26
2023-05-23 15-21-56,com.divo.phone,11554,26
2023-05-23 15-22-01,com.divo.phone,11554,26
2023-05-23 15-22-06,com.divo.phone,11554,26
2023-05-23 15-22-11,com.divo.phone,11554,26
2023-05-23 15-22-16,com.divo.phone,11554,26
2023-05-23 15-22-21,com.divo.phone,11554,26
2023-05-23 15-22-26,com.divo.phone,11554,26
2023-05-23 15-22-31,com.divo.phone,11554,26
2023-05-23 15-22-36,com.divo.phone,11554,26
2023-05-23 15-22-41,com.divo.phone,11554,26
2023-05-23 15-22-46,com.divo.phone,11554,26
2023-05-23 15-22-51,com.divo.phone,11554,26
2023-05-23 15-22-56,com.divo.phone,11554,26
2023-05-23 15-23-01,com.divo.phone,11554,26
2023-05-23 15-23-06,com.divo.phone,11554,26
2023-05-23 15-23-11,com.divo.phone,11554,26
2023-05-23 15-23-16,com.divo.phone,11554,26
2023-05-23 15-23-21,com.divo.phone,11554,26
2023-05-23 15-23-26,com.divo.phone,11554,26
2023-05-23 15-23-31,com.divo.phone,11554,26
2023-05-23 15-23-36,com.divo.phone,11554,26
2023-05-23 15-23-41,com.divo.phone,11554,26
2023-05-23 15-23-46,com.divo.phone,11554,26
2023-05-23 15-23-51,com.divo.phone,11554,26
2023-05-23 15-23-56,com.divo.phone,11554,26
2023-05-23 15-24-01,com.divo.phone,11554,26
2023-05-23 15-24-06,com.divo.phone,11554,26
2023-05-23 15-24-11,com.divo.phone,11554,26
2023-05-23 15-24-16,com.divo.phone,11554,26
2023-05-23 15-24-21,com.divo.phone,11554,26
2023-05-23 15-24-26,com.divo.phone,11554,26
2023-05-23 15-24-31,com.divo.phone,11554,26
2023-05-23 15-24-36,com.divo.phone,11554,26
2023-05-23 15-24-41,com.divo.phone,11554,26
2023-05-23 15-24-46,com.divo.phone,11554,26
2023-05-23 15-24-51,com.divo.phone,11554,26
2023-05-23 15-24-56,com.divo.phone,11554,26
2023-05-23 15-25-01,com.divo.phone,11554,26
2023-05-23 15-25-06,com.divo.phone,11554,26
2023-05-23 15-25-11,com.divo.phone,11554,26
2023-05-23 15-25-16,com.divo.phone,11554,26
2023-05-23 15-25-22,com.divo.phone,11554,26
2023-05-23 15-25-26,com.divo.phone,11554,26
2023-05-23 15-25-31,com.divo.phone,11554,26
2023-05-23 15-25-36,com.divo.phone,,1
2023-05-23 15-25-41,com.divo.phone,,1
2023-05-23 15-25-46,com.divo.phone,11554,26
2023-05-23 15-25-51,com.divo.phone,11554,26
2023-05-23 15-25-57,com.divo.phone,11554,26
2023-05-23 15-26-01,com.divo.phone,11554,26
2023-05-23 15-26-06,com.divo.phone,11554,26
2023-05-23 15-26-11,com.divo.phone,11554,26
2023-05-23 15-26-16,com.divo.phone,11554,26
2023-05-23 15-26-21,com.divo.phone,11554,26
2023-05-23 15-26-26,com.divo.phone,11554,26
2023-05-23 15-26-31,com.divo.phone,11554,26
2023-05-23 15-26-36,com.divo.phone,11554,26
2023-05-23 15-26-41,com.divo.phone,11554,26
2023-05-23 15-26-46,com.divo.phone,11554,26
2023-05-23 15-26-51,com.divo.phone,11554,26
2023-05-23 15-26-56,com.divo.phone,11554,26
2023-05-23 15-27-01,com.divo.phone,11554,26
2023-05-23 15-27-06,com.divo.phone,11554,26
2023-05-23 15-27-11,com.divo.phone,11554,26
2023-05-23 15-27-17,com.divo.phone,11554,26
2023-05-23 15-27-22,com.divo.phone,11554,26
2023-05-23 15-27-27,com.divo.phone,11554,26
2023-05-23 15-27-32,com.divo.phone,11554,26
2023-05-23 15-27-37,com.divo.phone,11554,26
2023-05-23 15-27-42,com.divo.phone,11554,26
2023-05-23 15-27-47,com.divo.phone,11554,26
2023-05-23 15-27-52,com.divo.phone,11554,26
2023-05-23 15-27-57,com.divo.phone,11554,26
2023-05-23 15-28-02,com.divo.phone,11554,26
2023-05-23 15-28-07,com.divo.phone,11554,26
2023-05-23 15-28-12,com.divo.phone,11554,26
2023-05-23 15-28-17,com.divo.phone,11554,26
2023-05-23 15-28-22,com.divo.phone,11554,26
2023-05-23 15-28-27,com.divo.phone,11554,26
2023-05-23 15-28-32,com.divo.phone,11554,27
2023-05-23 15-28-37,com.divo.phone,11554,27
2023-05-23 15-28-42,com.divo.phone,11554,27
2023-05-23 15-28-47,com.divo.phone,11554,27
2023-05-23 15-28-52,com.divo.phone,11554,29
